Workbook

Sheet DailyEnergy
A8: DAILY ENERGY EXPORT TOTAL REPORT
A10: Hour | B10: Energy Export (kWh)
A11: 0.041666667 | B11: =data!B3 -> 0
A12: =A11+1/24 -> 0.083333333 | B12: =data!B4 -> 0
A13: =A12+1/24 -> 0.125 | B13: =data!B5 -> 0
A14: =A13+1/24 -> 0.16666667 | B14: =data!B6 -> 0
A15: =A14+1/24 -> 0.20833333 | B15: =data!B7 -> 0
A16: =A15+1/24 -> 0.25 | B16: =data!B8 -> 0
A17: =A16+1/24 -> 0.29166667 | B17: =data!B9 -> 0
A18: =A17+1/24 -> 0.33333333 | B18: =data!B10 -> 0
A19: =A18+1/24 -> 0.375 | B19: =data!B11 -> 0
A20: =A19+1/24 -> 0.41666667 | B20: =data!B12 -> 0
A21: =A20+1/24 -> 0.45833333 | B21: =data!B13 -> 0
A22: =A21+1/24 -> 0.5 | B22: =data!B14 -> 0
A23: =A22+1/24 -> 0.54166667 | B23: =data!B15 -> 0
... A34: =A33+1/24 -> 1 | B34: =data!B26 -> 0
A35: Hmax | B35: =INDEX(A11:A34,MATCH(MAX(B11:B34),B11:B34,0)) -> 0.041666667
A36: Max | B36: =MAX(B11:B34) -> 0
A37: Hmin | B37: =INDEX(A11:A34,MATCH(MIN(B11:B34),B11:B34,0)) -> 0.041666667
A38: Min | B38: =MIN(B11:B34) -> 0
A39: ∑E | B39: =SUM(B11:B34) -> 0

Sheet data
A1: DAILY ENERGY
A2: DateTime | B2: Project 1 (kWh) | C2: Project 2 (kWh) | D2: Project 3 (kWh) | E2: Project 4 (kWh) | F2: Poi1 (kWh) | G2: Poi2 (kWh)
A3: 45989 | B3: 0
A4: 45989.042 | B4: 0
A5: 45989.083 | B5: 0
A6: 45989.125 | B6: 0
A7: 45989.167 | B7: 0
A8: 45989.208 | B8: 0
A9: 45989.25 | B9: 0
A10: 45989.292 | B10: 0
A11: 45989.333 | B11: 0
A12: 45989.375 | B12: 0
A13: 45989.417 | B13: 0
A14: 45989.458 | B14: 0
... A26: 45989.958 | B26: 0
